University Name,Times Higher Education (THE) World University Ranking
University of Oxford,1
Harvard University,2
University of Cambridge,3
Stanford University,3
Massachusetts Institute of Technology,5
California Institute of Technology,6
Princeton University,7
"University of California, Berkeley",8
Yale University,9
Imperial College London,10
Columbia University,11
ETH Zurich,11
The University of Chicago,13
University of Pennsylvania,14
Johns Hopkins University,15
Tsinghua University,16
Peking University,17
University of Toronto,18
National University of Singapore,19
Cornell University,20
"University of California, Los Angeles",21
UCL,22
University of Michigan-Ann Arbor,23
New York University,24
Duke University,25
Northwestern University,26
University of Washington,26
Carnegie Mellon University,28
University of Edinburgh,29
Technical University of Munich,30
University of Hong Kong,31
"University of California, San Diego",32
LMU Munich,33
University of Melbourne,34
King’s College London,35
"Nanyang Technological University, Singapore",36
London School of Economics and Political Science,37
Georgia Institute of Technology,38
The University of Tokyo,39
University of British Columbia,40
École Polytechnique Fédérale de Lausanne,41
KU Leuven,42
Universität Heidelberg,43
Monash University,44
Chinese University of Hong Kong,45
McGill University,46
Paris Sciences et Lettres – PSL Research University Paris,47
University of Illinois at Urbana-Champaign,48
Karolinska Institute,49
University of Texas at Austin,50
Fudan University,51
Shanghai Jiao Tong University,52
The University of Queensland,53
University of Manchester,54
The University of Sydney,54
Seoul National University,56
Washington University in St Louis,57
The Hong Kong University of Science and Technology,58
Wageningen University & Research,59
University of Amsterdam,60
Brown University,61
Australian National University,62
"University of California, Davis",63
"University of California, Santa Barbara",64
University of Southern California,65
Utrecht University,66
Zhejiang University,67
Kyoto University,68
University of North Carolina at Chapel Hill,69
Delft University of Technology,70
Boston University,71
UNSW Sydney,71
Charité - Universitätsmedizin Berlin,73
University of Science and Technology of China,74
University of Groningen,75
University of Bristol,76
Leiden University,77
Yonsei University (Seoul campus),78
Hong Kong Polytechnic University,79
Erasmus University Rotterdam,80
University of Wisconsin-Madison,81
Emory University,82
University of Glasgow,82
University of Zurich,82
McMaster University,85
Humboldt University of Berlin,86
University of Tübingen,86
University of Adelaide,88
University of Bonn,89
Sorbonne University,90
Free University of Berlin,91
Korea Advanced Institute of Science and Technology (KAIST),91
Université Paris-Saclay,93
University of Bern,94
"University of California, Irvine",95
Institut Polytechnique de Paris,95
Nanjing University,95
Vanderbilt University,98
City University of Hong Kong,99
RWTH Aachen University,99
University of Basel,101
King Abdulaziz University,101
University of Minnesota,101
"University of Maryland, College Park",104
University of Warwick,104
Michigan State University,106
Ghent University,107
University of Birmingham,108
University of Southampton,108
University of Helsinki,110
University of Montreal,111
Ohio State University (Main campus),112
University of Freiburg,113
University of Copenhagen,114
Université Paris Cité,114
University of Sheffield,114
Aarhus University,117
University of Alberta,118
University of Göttingen,119
Lund University,119
Vrije Universiteit Amsterdam,121
Lancaster University,122
Dartmouth College,123
Queen Mary University of London,124
University of Vienna,124
University of Oslo,126
Purdue University West Lafayette,127
University of Hamburg,128
University of Leeds,128
University of Nottingham,130
University of Antwerp,131
The University of Western Australia,131
University of Technology Sydney,133
Case Western Reserve University,134
University of Lausanne,135
Georgetown University,136
University of Exeter,137
University of Ottawa,137
University of Auckland,139
Newcastle University,139
Radboud University Nijmegen,139
University of Würzburg,139
University of York,139
University of Pittsburgh-Pittsburgh campus,144
Maastricht University,145
University of Cologne,146
Rice University,147
University of Colorado Boulder,148
Ulm University,148
Uppsala University,148
University of Florida,151
Penn State (Main campus),151
Tufts University,151
University of Rochester,154
KTH Royal Institute of Technology,155
Arizona State University (Tempe),156
Technical University of Berlin,156
TU Dresden,156
University of Virginia (Main campus),156
University of Cape Town,160
University of Bologna,161
Trinity College Dublin,161
University of Leicester,163
Pohang University of Science and Technology (POSTECH),163
Southern University of Science and Technology (SUSTech),166
Technical University of Denmark,166
Medical University of Graz,168
"Northeastern University, US",168
Indiana University,170
Université Catholique de Louvain,170
Sungkyunkwan University (SKKU),170
Wuhan University,173
Ulsan National Institute of Science and Technology (UNIST),174
Macquarie University,175
Huazhong University of Science and Technology,176
University of Liverpool,176
Stockholm University,176
University of Mannheim,179
University of Arizona,180
Texas A&M University,181
University of Barcelona,182
Autonomous University of Barcelona,183
Scuola Normale Superiore di Pisa,183
University of Münster,185
Pompeu Fabra University,186
Cardiff University,187
National Taiwan University (NTU),187
Friedrich Schiller University Jena,189
Karlsruhe Institute of Technology,189
University of Massachusetts,191
University of Aberdeen,192
"University of California, Santa Cruz",192
Medical University of Vienna,194
University of Miami,194
University of Erlangen-Nuremberg,196
Sichuan University,196
Durham University,198
Queen’s University Belfast,198
University of Reading,198
Aalto University,201–250
University of Bergen,201–250
Bielefeld University,201–250
University of Calgary,201–250
Curtin University,201–250
University of Dundee,201–250
University of East Anglia,201–250
Eindhoven University of Technology,201–250
University of Geneva,201–250
George Washington University,201–250
University of Gothenburg,201–250
University of Hohenheim,201–250
Humanitas University,201–250
King Fahd University of Petroleum and Minerals,201–250
University of Konstanz,201–250
Korea University,201–250
Université Libre de Bruxelles,201–250
University of Luxembourg,201–250
University of Macau,201–250
Macau University of Science and Technology,201–250
Medical University of Innsbruck,201–250
University of Newcastle,201–250
University of Notre Dame,201–250
University of Padua,201–250
University of Potsdam,201–250
Qatar University,201–250
Queensland University of Technology,201–250
RCSI University of Medicine and Health Sciences,201–250
Rutgers University – New Brunswick,201–250
"St George’s, University of London",201–250
Sant’Anna School of Advanced Studies – Pisa,201–250
University of São Paulo,201–250
Sapienza University of Rome,201–250
Semmelweis University,201–250
University of South Florida,201–250
University of St Andrews,201–250
University of Surrey,201–250
University of Sussex,201–250
Università della Svizzera italiana,201–250
University of Tartu,201–250
Tel Aviv University,201–250
Tohoku University,201–250
University College Dublin,201–250
Vita-Salute San Raffaele University,201–250
Vrije Universiteit Brussel,201–250
University of Waterloo,201–250
Western University,201–250
Western Sydney University,201–250
University of Wollongong,201–250
Aalborg University,251–300
Auckland University of Technology,251–300
Australian Catholic University,251–300
University of Bath,251–300
Beijing Normal University,251–300
Bond University,251–300
Boston College,251–300
Bournemouth University,251–300
Brighton and Sussex Medical School,251–300
"University of California, Riverside",251–300
University of Canberra,251–300
Chalmers University of Technology,251–300
"China Medical University, Taiwan",251–300
Copenhagen Business School,251–300
Deakin University,251–300
University of Duisburg-Essen,251–300
Heinrich Heine University Düsseldorf,251–300
École des Ponts ParisTech,251–300
Goethe University Frankfurt,251–300
Griffith University,251–300
University of Hawai’i at Mānoa,251–300
Hebrew University of Jerusalem,251–300
University of Illinois Chicago,251–300
Indian Institute of Science,251–300
Johannes Gutenberg University of Mainz,251–300
University of Kiel,251–300
King Saud University,251–300
Kyung Hee University,251–300
La Trobe University,251–300
Université Laval,251–300
Linköping University,251–300
University of Navarra,251–300
Oregon Health and Science University,251–300
Osaka University,251–300
University of Pavia,251–300
Queen’s University,251–300
Ruhr University Bochum,251–300
Sejong University,251–300
University of Sharjah,251–300
Simon Fraser University,251–300
University of Southern Denmark,251–300
Stellenbosch University,251–300
Sun Yat-sen University,251–300
Swansea University,251–300
Tilburg University,251–300
Tongji University,251–300
University of Twente,251–300
United Arab Emirates University,251–300
University of Utah,251–300
Virginia Polytechnic Institute and State University,251–300
University of the Witwatersrand,251–300
Abu Dhabi University,301–350
Aix-Marseille University,301–350
Alfaisal University,301–350
Anglia Ruskin University (ARU),301–350
Autonomous University of Madrid,301–350
University of Bordeaux,301–350
Brandeis University,301–350
Universiti Brunei Darussalam,301–350
University at Buffalo,301–350
"University of California, Merced",301–350
University of Colorado Denver/Anschutz Medical Campus,301–350
Dalhousie University,301–350
Drexel University,301–350
École Normale Supérieure de Lyon,301–350
University of Essex,301–350
Flinders University,301–350
Florida State University,301–350
University of Galway,301–350
George Mason University,301–350
Hasselt University,301–350
University of Iowa,301–350
Lappeenranta-Lahti University of Technology LUT,301–350
University of Milan,301–350
University of Milan-Bicocca,301–350
Montpellier University,301–350
Nagoya University,301–350
Nankai University,301–350
University of Otago,301–350
University of Oulu,301–350
Politecnico di Milano,301–350
Reykjavík University,301–350
RMIT University,301–350
University of St Gallen,301–350
Saint Louis University,301–350
University of South Australia,301–350
University of Southern Queensland,301–350
Stony Brook University,301–350
University of Stuttgart,301–350
Swinburne University of Technology,301–350
Taipei Medical University,301–350
Tampere University,301–350
University of Tasmania,301–350
Technical University of Darmstadt,301–350
Temple University,301–350
The University of Tennessee-Knoxville,301–350
Tokyo Institute of Technology,301–350
University College Cork,301–350
University of Victoria,301–350
American University of Beirut,351–400
"Asia University, Taiwan",351–400
Ateneo de Manila University,351–400
"Birkbeck, University of London",351–400
University of Bremen,351–400
University of Brescia,351–400
University of Cape Coast,351–400
Catholic University of Portugal,351–400
Central South University,351–400
Charles Darwin University,351–400
"City, University of London",351–400
University of Delaware,351–400
East China Normal University,351–400
Edith Cowan University,351–400
Golestan University of Medical Sciences,351–400
University of Greifswald,351–400
University of Hail,351–400
Harbin Institute of Technology,351–400
Howard University,351–400
Imam Mohammad Ibn Saud Islamic University,351–400
IMT Atlantique,351–400
James Cook University,351–400
JSS Academy of Higher Education and Research,351–400
University of Kent,351–400
Khalifa University,351–400
Kurdistan University of Medical Sciences,351–400
Leuphana University of Lüneburg,351–400
University of Liège,351–400
Loughborough University,351–400
University of Malaya,351–400
University of Manitoba,351–400
Mazandaran University of Medical Sciences,351–400
University of Naples Federico II,351–400
University of New Mexico (Main campus),351–400
North Carolina State University,351–400
University of Rome II – Tor Vergata,351–400
"Royal Holloway, University of London",351–400
Royal Veterinary College,351–400
Rush University,351–400
Shoolini University of Biotechnology and Management Sciences,351–400
University of Stirling,351–400
Swedish University of Agricultural Sciences,351–400
University of Texas at Dallas,351–400
Tulane University,351–400
University of Turku,351–400
University of Vaasa,351–400
Verona University,351–400
Wake Forest University,351–400
Washington State University,351–400
Wroclaw Medical University,351–400
Alagappa University,401–500
University of Alaska Fairbanks,401–500
Arak University of Medical Sciences,401–500
Aston University,401–500
Aswan University,401–500
Babol University of Medical Sciences,401–500
Babol Noshirvani University of Technology,401–500
Bangor University,401–500
University of Bayreuth,401–500
Brunel University London,401–500
University of Campinas,401–500
Cankaya University,401–500
University of Catania,401–500
Claude Bernard University Lyon 1,401–500
Colorado School of Mines,401–500
"Colorado State University, Fort Collins",401–500
Complutense University of Madrid,401–500
University of Connecticut,401–500
University of Crete,401–500
University of Cyprus,401–500
University of Denver,401–500
Dublin City University,401–500
Duy Tan University,401–500
Edinburgh Napier University,401–500
University of Electronic Science and Technology of China,401–500
Ferhat Abbas Sétif University 1,401–500
University of Ferrara,401–500
University of Florence,401–500
Free University of Bozen-Bolzano,401–500
University of Genoa,401–500
Georgia State University,401–500
Université Grenoble Alpes,401–500
Hanyang University,401–500
Hunan University,401–500
University of Ibadan,401–500
Illinois Institute of Technology,401–500
University of Innsbruck,401–500
Institut Agro,401–500
University of International Business and Economics,401–500
Iowa State University,401–500
Jazan University,401–500
Justus Liebig University Giessen,401–500
University of Jyväskylä,401–500
University of Kansas,401–500
University of Klagenfurt,401–500
Koç University,401–500
University of KwaZulu-Natal,401–500
University of Lagos,401–500
Leibniz University Hannover,401–500
Lincoln University,401–500
University of Lincoln,401–500
Liverpool John Moores University,401–500
Mahatma Gandhi University,401–500
University of Marburg,401–500
Maynooth University,401–500
Middlesex University,401–500
University of Modena and Reggio Emilia,401–500
Muhimbili University of Health and Allied Sciences,401–500
Murdoch University,401–500
National and Kapodistrian University of Athens,401–500
University of Nebraska-Lincoln,401–500
University of Nebraska Medical Center,401–500
Norwegian University of Science and Technology,401–500
Nova Southeastern University,401–500
Örebro University,401–500
University of Passau,401–500
University of Pisa,401–500
University of Plymouth,401–500
Pontificia Universidad Católica de Chile,401–500
University of Porto,401–500
University of Portsmouth,401–500
Qazvin University of Medical Sciences,401–500
Qom University of Medical Sciences,401–500
Quaid-i-Azam University,401–500
Sabancı University,401–500
Sharif University of Technology,401–500
Shenzhen University,401–500
University of Siena,401–500
South China University of Technology,401–500
Southeast University,401–500
Southern Medical University,401–500
SRUC (Scotland’s Rural College),401–500
University of Strathclyde,401–500
Sumy State University,401–500
Syracuse University,401–500
Universiti Teknologi Petronas,401–500
Tianjin University,401–500
Ton Duc Thang University,401–500
University of Trento,401–500
The University of Tulsa,401–500
University of Turin,401–500
TU Wien,401–500
Umeå University,401–500
Urmia University of Medical Sciences,401–500
Universiti Utara Malaysia,401–500
Victoria University of Wellington,401–500
University of Waikato,401–500
University of the West of England,401–500
William & Mary,401–500
Xiamen University,401–500
York University,401–500
Aberystwyth University,501–600
An-Najah National University,501–600
University of L’Aquila,501–600
Beihang University,501–600
Beijing Institute of Technology,501–600
Birmingham City University,501–600
University of Bradford,501–600
Bucharest University of Economic Studies,501–600
Centrale Nantes,501–600
Changsha University of Science and Technology,501–600
Charles University,501–600
University of Côte d’Azur,501–600
Damietta University,501–600
Durban University of Technology,501–600
Eastern Mediterranean University,501–600
École des Mines de Saint-Étienne,501–600
Federal University of Toulouse Midi-Pyrénées,501–600
Florida International University,501–600
University of Fribourg,501–600
"Goldsmiths, University of London",501–600
Government College University Faisalabad,501–600
University of Greenwich,501–600
University of Guelph,501–600
Gwangju Institute of Science and Technology (GIST),501–600
Harokopio University of Athens,501–600
Heriot-Watt University,501–600
Hokkaido University,501–600
Hong Kong Baptist University,501–600
University of Hull,501–600
University of Iceland,501–600
Indian Institute of Technology Ropar,501–600
University of Insubria,501–600
"International Institute of Information Technology, Hyderabad",501–600
Iran University of Science and Technology,501–600
"Islamic Azad University, Najafabad Branch (IAUN)",501–600
Constructor University,501–600
Jamia Millia Islamia,501–600
Jimma University,501–600
Johannes Kepler University of Linz,501–600
Jordan University of Science and Technology,501–600
Kafrelsheikh University,501–600
Kashan University of Medical Sciences and Health Services,501–600
Keele University,501–600
University of Kentucky,501–600
Kermanshah University of Medical Sciences,501–600
University of Kragujevac,501–600
Kyushu University,501–600
Lebanese American University,501–600
University of Lille,501–600
University of Lisbon,501–600
University of Management and Technology,501–600
University of Messina,501–600
Middle East Technical University,501–600
Missouri University of Science and Technology,501–600
University of Mons,501–600
National Tsing Hua University,501–600
National Yang Ming Chiao Tung University,501–600
University of Neuchâtel,501–600
University of Nicosia,501–600
Northumbria University,501–600
Northwestern Polytechnical University,501–600
Nottingham Trent University,501–600
Open University of Catalonia,501–600
University of Peradeniya,501–600
Universitat Ramon Llull,501–600
University of Salerno,501–600
University of Saskatchewan,501–600
University of Sassari,501–600
Saveetha Institute of Medical and Technical Sciences,501–600
Sciences Po,501–600
Shiraz University of Technology,501–600
SOAS University of London,501–600
University of South Carolina-Columbia,501–600
Southwestern University of Finance and Economics,501–600
University of Stavanger,501–600
Stevens Institute of Technology,501–600
SUNY University at Albany,501–600
University of Tabuk,501–600
Technion Israel Institute of Technology,501–600
Tokyo Medical and Dental University (TMDU),501–600
University of Trieste,501–600
University of Tsukuba,501–600
TU Dortmund University,501–600
University of Tuscia,501–600
University of Udine,501–600
UiT The Arctic University of Norway,501–600
University of Valencia,501–600
University of Vic – Central University of Catalonia,501–600
Victoria University,501–600
Virginia Commonwealth University,501–600
Wayne State University,501–600
The University of the West Indies,501–600
Xi’an Jiaotong University,501–600
University of Zambia,501–600
Zayed University,501–600
Zhejiang Normal University,501–600
Abdul Wali Khan University Mardan,601–800
Åbo Akademi University,601–800
Addis Ababa University,601–800
Ahvaz Jundishapur University of Medical Sciences (AJUMS),601–800
Ajou University,601–800
Amedeo Avogadro University of Eastern Piedmont,601–800
American University,601–800
American University of Sharjah,601–800
Amirkabir University of Technology,601–800
University of Antofagasta,601–800
University of Arkansas,601–800
Auburn University,601–800
Azarbaijan Shahid Madani University,601–800
University of Babylon,601–800
Bahçeşehir University,601–800
Bahria University,601–800
Banaras Hindu University,601–800
University of Bari Aldo Moro,601–800
Bar-Ilan University,601–800
Baylor University,601–800
Beirut Arab University,601–800
Ben-Gurion University of the Negev,601–800
Benha University,601–800
Université Bourgogne Franche-Comté (UBFC),601–800
Ca’ Foscari University of Venice,601–800
University of Camerino (Unicam),601–800
University of Canterbury,601–800
Capital Medical University,601–800
Carleton University,601–800
University of Central Florida,601–800
Central Queensland University,601–800
Chongqing University,601–800
Chung-Ang University,601–800
Clark University,601–800
University of Coimbra,601–800
University of Colombo,601–800
COMSATS University Islamabad,601–800
Concordia University,601–800
University of Córdoba,601–800
University of Costa Rica,601–800
Covenant University,601–800
Cyprus University of Technology,601–800
Dalian University of Technology,601–800
Delhi Technological University,601–800
De Montfort University,601–800
University of Derby,601–800
University of Desarrollo,601–800
University of Dhaka,601–800
Dow University of Health Sciences,601–800
University of Eastern Finland,601–800
Universidade Eduardo Mondlane,601–800
"University of Engineering and Technology, Taxila",601–800
ENSTA Bretagne,601–800
Eötvös Loránd University,601–800
Fayoum University,601–800
Universidade Federal do Rio Grande do Sul,601–800
Universidade Federal de São Paulo (UNIFESP),601–800
Federation University Australia,601–800
Gabriele d‘Annunzio University,601–800
University of Georgia,601–800
Glasgow Caledonian University,601–800
University of Granada,601–800
Graphic Era University,601–800
University of Graz,601–800
Graz University of Technology,601–800
Guangzhou University,601–800
Guangzhou Medical University,601–800
Hacettepe University,601–800
University of Haifa,601–800
Hamburg University of Technology,601–800
Hazara University Mansehra,601–800
University of Hertfordshire,601–800
University of Houston,601–800
University of Huddersfield,601–800
Icesi University,601–800
Ilam University of Medical Sciences,601–800
Imam Abdulrahman Bin Faisal University,601–800
Indian Institute of Technology Indore,601–800
Indraprastha Institute of Information Technology Delhi,601–800
"International Islamic University, Islamabad",601–800
Iran University of Medical Sciences,601–800
Istanbul Technical University,601–800
Jagiellonian University,601–800
Jamia Hamdard University,601–800
Jawaharlal Nehru University,601–800
Jiangsu University,601–800
Jinan University,601–800
University of Johannesburg,601–800
Jönköping University,601–800
The University of Jordan,601–800
Jouf University,601–800
University of Kaiserslautern,601–800
Kalasalingam Academy of Research and Education,601–800
Kansai Medical University,601–800
University of Kashan,601–800
Universiti Kebangsaan Malaysia,601–800
KIIT University,601–800
King Saud bin Abdulaziz University for Health Sciences,601–800
Konkuk University,601–800
Kore University of Enna,601–800
University of Kurdistan,601–800
Lahore University of Management Sciences,601–800
Lehigh University,601–800
University of Limerick,601–800
London South Bank University,601–800
University of Lorraine,601–800
Louisiana State University,601–800
Lviv Polytechnic National University,601–800
Maharishi Markandeshwar University (MMU),601–800
Majmaah University,601–800
University of Malakand,601–800
Manchester Metropolitan University,601–800
Mansoura University,601–800
Marche Polytechnic University,601–800
"University of Maryland, Baltimore County",601–800
Mashhad University of Medical Sciences,601–800
Massey University,601–800
Medical University of Lodz,601–800
Memorial University of Newfoundland,601–800
Minia University,601–800
Mizzou - University of Missouri,601–800
University of Mohaghegh Ardabili,601–800
University of Nairobi,601–800
University of Namibia,601–800
Nanjing Agricultural University,601–800
Nantes Université,601–800
National Cheng Kung University (NCKU),601–800
National Taiwan University of Science and Technology (Taiwan Tech),601–800
National Institute of Technology Silchar,601–800
National Yunlin University of Science and Technology,601–800
Near East University,601–800
"University of Nevada, Las Vegas",601–800
University of New Brunswick UNB,601–800
New Jersey Institute of Technology,601–800
University of North Carolina at Charlotte,601–800
North South University,601–800
North-West University,601–800
Norwegian University of Life Sciences,601–800
NOVA University of Lisbon,601–800
"University of Occupational and Environmental Health, Japan",601–800
Oklahoma State University,601–800
Ontario Tech University,601–800
The Open University,601–800
Oxford Brookes University,601–800
University of Parma,601–800
Universidad Peruana Cayetano Heredia,601–800
University of Perugia,601–800
Polytechnic University of Bari,601–800
Polytechnic University of Turin,601–800
Prince Sattam Bin Abdulaziz University,601–800
Universiti Putra Malaysia,601–800
Qingdao University,601–800
Université du Québec,601–800
University of Regina,601–800
Rensselaer Polytechnic Institute,601–800
Riga Stradiņš University,601–800
Riphah International University,601–800
Rovira i Virgili University,601–800
Universiti Sains Malaysia,601–800
San Diego State University,601–800
University of Sannio,601–800
University of Santiago de Compostela,601–800
Savitribai Phule Pune University,601–800
University of Campania Luigi Vanvitelli,601–800
Shanghai University,601–800
"Soochow University, China",601–800
Southern Cross University,601–800
University of Strasbourg,601–800
Sultan Qaboos University,601–800
University of the Sunshine Coast,601–800
SUNY Binghamton University,601–800
University of Tabriz,601–800
Tabriz University of Medical Sciences,601–800
Taif University,601–800
Tallinn University of Technology,601–800
University of Tehran,601–800
Tehran University of Medical Sciences,601–800
Universiti Teknologi Malaysia,601–800
University of Texas at Arlington,601–800
The University of Texas at San Antonio,601–800
Thapar Institute of Engineering and Technology,601–800
University of Toledo,601–800
TU Braunschweig,601–800
University of Ulsan,601–800
Ulster University,601–800
Umm Al-Qura University,601–800
Paris Lodron Universität Salzburg,601–800
Wenzhou University,601–800
University of the Western Cape,601–800
University of the West of Scotland,601–800
University of Windsor,601–800
University of Wolverhampton,601–800
University of Wuppertal,601–800
Xi’an Jiaotong-Liverpool University,601–800
Yokohama City University,601–800
Zhengzhou University,601–800
University of the Aegean,801–1000
"University of Agriculture, Faisalabad",801–1000
The University of Aizu,801–1000
The University of Alabama,801–1000
Al-Azhar University,801–1000
Al-Balqa Applied University,801–1000
University of Alcalá,801–1000
Alexandria University,801–1000
Aligarh Muslim University,801–1000
American University in Cairo,801–1000
Anna University,801–1000
University of Applied Sciences and Arts of Western Switzerland,801–1000
Aristotle University of Thessaloniki,801–1000
Athens University of Economics and Business,801–1000
Universidad Autónoma de Chile,801–1000
University of Aveiro,801–1000
University of the Balearic Islands,801–1000
University of the Basque Country,801–1000
University of Bedfordshire,801–1000
University of Beira Interior,801–1000
University of Belgrade,801–1000
Beni-Suef University,801–1000
University of Bergamo,801–1000
Bharathiar University,801–1000
Bilkent University,801–1000
"Birla Institute of Technology and Science, Pilani",801–1000
Boğaziçi University,801–1000
University of Brighton,801–1000
Cairo University,801–1000
University of Calabria,801–1000
Chapman University,801–1000
Institute of Chemical Technology,801–1000
Chengdu University,801–1000
"China University of Petroleum, Beijing",801–1000
Chulalongkorn University,801–1000
Clemson University,801–1000
University of Clermont Auvergne,801–1000
Coventry University,801–1000
CY Cergy Paris University,801–1000
University of Dayton,801–1000
University of Deusto,801–1000
Diego Portales University,801–1000
Donghua University,801–1000
Duzce University,801–1000
Edge Hill University,801–1000
"University of Engineering and Technology, Peshawar",801–1000
Ewha Womans University,801–1000
Federal University of Minas Gerais,801–1000
Universidade Federal de Sergipe,801–1000
Firat University,801–1000
Florida Agricultural and Mechanical University,801–1000
Florida Atlantic University,801–1000
University of Foggia,801–1000
University of the Free State,801–1000
Fujita Health University,801–1000
Fuzhou University,801–1000
University of Girona,801–1000
Guangdong University of Technology,801–1000
Hiroshima University,801–1000
Indian Institute of Technology Patna,801–1000
Indian Institute of Technology Gandhinagar,801–1000
Universitat Internacional de Catalunya,801–1000
University of Ioannina,801–1000
ISCTE-University Institute of Lisbon,801–1000
The Islamia University of Bahawalpur,801–1000
Istanbul Medeniyet University,801–1000
Iuliu Haţieganu University of Medicine and Pharmacy Cluj-Napoca,801–1000
University of Jaén,801–1000
Juntendo University,801–1000
Kansas State University,801–1000
Karlstad University,801–1000
Keio University,801–1000
Kerman University of Medical Sciences,801–1000
Kindai University,801–1000
King Faisal University,801–1000
King Khalid University,801–1000
King Mongkut’s University of Technology Thonburi,801–1000
Kingston University,801–1000
KL University,801–1000
Kobe University,801–1000
Kurume University,801–1000
Kuwait University,801–1000
Kyungpook National University,801–1000
University of Lahore,801–1000
Lakehead University,801–1000
University of La Laguna,801–1000
University of Latvia,801–1000
Leeds Beckett University,801–1000
Lithuanian University of Health Sciences,801–1000
University of Ljubljana,801–1000
University of Lleida,801–1000
Lovely Professional University,801–1000
Mae Fah Luang University,801–1000
Mahidol University,801–1000
Makerere University,801–1000
Universiti Malaysia Pahang,801–1000
University of Malta,801–1000
Manipal Academy of Higher Education,801–1000
Marquette University,801–1000
Masaryk University,801–1000
Medical University of Gdańsk,801–1000
University of Memphis,801–1000
University of Minho,801–1000
Mississippi State University,801–1000
University of Missouri-St Louis,801–1000
Montana State University,801–1000
Monterrey Institute of Technology,801–1000
University of Namur,801–1000
Nanjing Forestry University,801–1000
Nanjing University of Information Science and Technology,801–1000
Nanjing Normal University,801–1000
Nanjing Tech University,801–1000
National Institute of Applied Sciences of Lyon (INSA Lyon),801–1000
École Nationale des Travaux Publics de l'État (ENTPE),801–1000
National University of Sciences and Technology,801–1000
National Sun Yat-Sen University,801–1000
National Taiwan Normal University,801–1000
National Technical University of Athens,801–1000
National Institute of Technology Hamirpur,801–1000
"National Institute of Technology, Tiruchirappalli",801–1000
The New School,801–1000
New Mexico State University (Main campus),801–1000
Nippon Medical School,801–1000
University of North Carolina at Greensboro,801–1000
"Northeastern University, China",801–1000
Northeast Normal University,801–1000
University of Northern British Columbia (UNBC),801–1000
Northern Illinois University,801–1000
Ohio University (Main campus),801–1000
Old Dominion University,801–1000
Ozyegin University,801–1000
Pablo de Olavide University,801–1000
University of Palermo,801–1000
Panjab University,801–1000
Panthéon-Sorbonne University – Paris 1,801–1000
Parthenope University of Naples,801–1000
Universiti Pendidikan Sultan Idris,801–1000
University of Peshawar,801–1000
University of the Philippines,801–1000
Universitat Politècnica de Catalunya,801–1000
Polytechnic University of Valencia,801–1000
Pontifical Catholic University of Rio de Janeiro (PUC-Rio),801–1000
Pontifical Catholic University of Rio Grande do Sul (PUCRS),801–1000
Pontifical Javeriana University,801–1000
University of Pretoria,801–1000
Princess Nourah bint Abdulrahman University,801–1000
University of the Punjab,801–1000
University of Rennes 1,801–1000
University of Rhode Island,801–1000
Rhodes University,801–1000
University of Roehampton,801–1000
University of Rome III,801–1000
Roskilde University,801–1000
University of Salamanca,801–1000
University of Salento,801–1000
University of Salford,801–1000
University of Science and Technology Beijing,801–1000
University of La Serena,801–1000
Shahid Beheshti University,801–1000
Shantou University,801–1000
Sheffield Hallam University,801–1000
Shiraz University,801–1000
Shiraz University of Medical Sciences,801–1000
University of Siegen,801–1000
University of South Bohemia in České Budějovice,801–1000
South China Normal University,801–1000
Southern Illinois University Carbondale,801–1000
Suez Canal University,801–1000
Sunway University,801–1000
Symbiosis International University,801–1000
Taibah University,801–1000
Tanta University,801–1000
"University of Technology, Iraq",801–1000
Universiti Tenaga Nasional (UNITEN),801–1000
University of Texas at El Paso,801–1000
Texas Tech University,801–1000
University of Thessaly,801–1000
Toronto Metropolitan University,801–1000
Tribhuvan University,801–1000
University of Urbino Carlo Bo,801–1000
Vilnius University,801–1000
VIT University,801–1000
University of Warsaw,801–1000
Wenzhou Medical University,801–1000
University of Winchester,801–1000
University of Wisconsin-Milwaukee,801–1000
Worcester Polytechnic Institute,801–1000
University of Wyoming,801–1000
Yangzhou University,801–1000
Yeungnam University,801–1000
Zagazig University,801–1000
Zewail City of Science and Technology,801–1000
Zhejiang University of Finance and Economics,801–1000
University of A Coruña,1001–1200
"Adam Mickiewicz University, Poznań",1001–1200
Ain Shams University,1001–1200
Al-Farabi Kazakh National University,1001–1200
University of Algarve,1001–1200
University of Almería,1001–1200
Amity University,1001–1200
University of Anbar,1001–1200
"University of the Andes, Colombia",1001–1200
Arts et Métiers,1001–1200
Assiut University,1001–1200
Atılım University,1001–1200
Autonomous University of Sinaloa,1001–1200
Babeş-Bolyai University,1001–1200
Bahauddin Zakariya University,1001–1200
Bayero University,1001–1200
Beijing Jiaotong University,1001–1200
University of Botswana,1001–1200
Bowling Green State University,1001–1200
Instituto Politécnico de Bragança,1001–1200
University of Burgos,1001–1200
University of Calcutta,1001–1200
Cardiff Metropolitan University,1001–1200
Carlos III University of Madrid,1001–1200
Technical University of Cartagena,1001–1200
University of Castilla-La Mancha,1001–1200
Universidad Católica San Antonio de Murcia (UCAM),1001–1200
University of Central Lancashire,1001–1200
Chang Gung University,1001–1200
Charles Sturt University,1001–1200
Chiang Mai University,1001–1200
Chiba University,1001–1200
University of Chile,1001–1200
"China University of Geosciences, Beijing",1001–1200
China Pharmaceutical University,1001–1200
Chonnam National University,1001–1200
Clarkson University,1001–1200
Comenius University in Bratislava,1001–1200
Creighton University,1001–1200
Czech University of Life Sciences Prague (CZU),1001–1200
University of Debrecen,1001–1200
University of Delhi,1001–1200
Dr B.R. Ambedkar National Institute of Technology Jalandhar,1001–1200
East China University of Science and Technology,1001–1200
University of East London,1001–1200
École Centrale de Lyon,1001–1200
University of Engineering & Technology (UET) Lahore,1001–1200
Universidade Estadual Paulista (Unesp),1001–1200
European University of Madrid,1001–1200
University of Extremadura,1001–1200
Federal University of Rio de Janeiro,1001–1200
Universidade Federal de Santa Catarina,1001–1200
Federal University of Technology Akure,1001–1200
Ferdowsi University of Mashhad,1001–1200
Florida Institute of Technology,1001–1200
University of Fortaleza (UNIFOR),1001–1200
Fu Jen Catholic University,1001–1200
Fujian Agriculture and Forestry University,1001–1200
University of Ghana,1001–1200
Guangxi University,1001–1200
University of Gujrat,1001–1200
Guru Jambheshwar University of Science and Technology,1001–1200
Hakim Sabzevari University,1001–1200
Hamamatsu University School of Medicine,1001–1200
Huaqiao University,1001–1200
Hyogo College of Medicine,1001–1200
Ibn Tofaïl University,1001–1200
Ilia State University,1001–1200
Ilmenau University of Technology,1001–1200
IMT Nord Europe,1001–1200
"Indian Institute of Science Education and Research, Pune",1001–1200
Indian Institute of Science Education and Research Kolkata,1001–1200
Indian Institute of Technology Bhubaneswar,1001–1200
Indian Institute of Technology Guwahati,1001–1200
Indian Institute of Technology (Indian School of Mines) Dhanbad,1001–1200
Indian Institute of Technology Mandi,1001–1200
University of Indonesia,1001–1200
Inha University,1001–1200
Isfahan University of Medical Sciences,1001–1200
Isfahan University of Technology,1001–1200
Istanbul University,1001–1200
Istanbul University-Cerrahpaşa,1001–1200
Jadavpur University,1001–1200
Jaume I University,1001–1200
University of Jeddah,1001–1200
Jeonbuk National University,1001–1200
Jiangnan University,1001–1200
Jiangsu Normal University,1001–1200
Jiangxi University of Finance and Economics,1001–1200
The Jikei University School of Medicine,1001–1200
Kanazawa University,1001–1200
Kaohsiung Medical University,1001–1200
Kharkiv National University of Radio Electronics,1001–1200
K.N. Toosi University of Technology,1001–1200
Kumamoto University,1001–1200
Kwame Nkrumah University of Science and Technology,1001–1200
Kyoto Prefectural University of Medicine,1001–1200
University of Las Palmas de Gran Canaria,1001–1200
Lebanese University,1001–1200
University of Leoben,1001–1200
University of León,1001–1200
Lorestan University,1001–1200
Lusophone University of Humanities and Technologies,1001–1200
Universiti Malaysia Perlis,1001–1200
University of Manouba,1001–1200
University of Maragheh,1001–1200
University of Marrakech Cadi Ayyad,1001–1200
University of Mauritius,1001–1200
University of Mazandaran,1001–1200
Medical University of Bialystok,1001–1200
Menoufia University,1001–1200
Miguel Hernández University of Elche,1001–1200
Morgan State University,1001–1200
University of Murcia,1001–1200
Nanjing University of Aeronautics and Astronautics,1001–1200
Nanjing Medical University,1001–1200
National Autonomous University of Mexico,1001–1200
National Central University,1001–1200
National University of Colombia,1001–1200
National Taipei University of Technology,1001–1200
National Taiwan Ocean University,1001–1200
National Institute of Technology Rourkela,1001–1200
Necmettin Erbakan University,1001–1200
Niigata University,1001–1200
Northwest University,1001–1200
Oakland University,1001–1200
Óbuda University,1001–1200
Okayama University,1001–1200
University of Oviedo,1001–1200
Palacký University Olomouc,1001–1200
University of Patras,1001–1200
Pavol Jozef Šafárik University in Košice,1001–1200
University of Pécs,1001–1200
PMAS Arid Agriculture University Rawalpindi,1001–1200
Polytechnic Institute of Porto,1001–1200
Pondicherry University,1001–1200
Portland State University,1001–1200
Port Said University,1001–1200
Public University of Navarre,1001–1200
University of Puerto Rico,1001–1200
Pusan National University,1001–1200
Reichman University,1001–1200
University Rey Juan Carlos,1001–1200
Rikkyo University,1001–1200
Robert Gordon University,1001–1200
Rochester Institute of Technology,1001–1200
Rowan University,1001–1200
Sahand University of Technology,1001–1200
Sakarya University,1001–1200
Universidad San Francisco de Quito,1001–1200
University of Sargodha,1001–1200
Semnan University of Medical Sciences and Health Services,1001–1200
University of Seville,1001–1200
Shahid Beheshti University of Medical Sciences,1001–1200
Shahrekord University,1001–1200
Shahrood University of Technology,1001–1200
Shanghai Maritime University,1001–1200
Sidi Mohamed Ben Abdellah University,1001–1200
Siksha ‘O’ Anusandhan,1001–1200
University of Social Welfare and Rehabilitation Sciences,1001–1200
Sogang University,1001–1200
Sohag University,1001–1200
University of South Africa,1001–1200
University of South Dakota,1001–1200
University of the South Pacific,1001–1200
South Valley University,1001–1200
University of South Wales,1001–1200
University of Split,1001–1200
Ştefan cel Mare University of Suceava,1001–1200
St Marianna University School of Medicine,1001–1200
University of Sunderland,1001–1200
SWPS University of Social Sciences and Humanities,1001–1200
University of Szeged,1001–1200
Tallinn University,1001–1200
Technical University of Crete,1001–1200
Technical University of Madrid,1001–1200
Technological University Dublin,1001–1200
Teesside University,1001–1200
University of Texas Rio Grande Valley,1001–1200
Tokyo Medical University,1001–1200
Tokyo Metropolitan University,1001–1200
Toyota Technological Institute,1001–1200
University of Trás-os-Montes and Alto Douro,1001–1200
Universiti Tunku Abdul Rahman (UTAR),1001–1200
Urmia University,1001–1200
"University of Veterinary and Animal Sciences, Lahore",1001–1200
"Vietnam National University, Hanoi",1001–1200
University of Vigo,1001–1200
Waseda University,1001–1200
University of Westminster,1001–1200
Wuhan University of Technology,1001–1200
Xidian University,1001–1200
Yarmouk University,1001–1200
Yasouj University,1001–1200
Yıldız Technical University,1001–1200
University of Zaragoza,1001–1200
Zhejiang Gongshang University,1001–1200
Zhejiang University of Technology,1001–1200
University of Žilina,1001–1200
University of Zimbabwe,1001–1200
Université 8 Mai 1945 Guelma,1201–1500
Abdelmalek Essaâdi University,1201–1500
Acharya Nagarjuna University,1201–1500
Acıbadem University,1201–1500
Adolfo Ibáñez University,1201–1500
AGH University of Science and Technology,1201–1500
Aichi Medical University,1201–1500
Universitas Airlangga,1201–1500
Akdeniz University,1201–1500
University of Alicante,1201–1500
Anadolu University,1201–1500
"University of the Andes, Chile",1201–1500
Andhra University,1201–1500
Universidad Andrés Bello (UNAB),1201–1500
Ankara University,1201–1500
University of Antioquia,1201–1500
"Arab Academy for Science, Technology and Maritime Transport",1201–1500
Arak University,1201–1500
Ariel University,1201–1500
Atatürk University,1201–1500
Austral University of Chile,1201–1500
Banasthali University,1201–1500
Bandung Institute of Technology (ITB),1201–1500
Bangladesh Agricultural University (BAU),1201–1500
Bangladesh University of Engineering and Technology,1201–1500
University of Benin,1201–1500
Bezmiâlem Vakif University,1201–1500
BINUS University,1201–1500
Bozok University,1201–1500
University of Brasília,1201–1500
The British University in Egypt,1201–1500
Brno University of Technology,1201–1500
Bu-Ali Sina University,1201–1500
University of Bucharest,1201–1500
Budapest University of Technology and Economics,1201–1500
University of Cadiz,1201–1500
Canterbury Christ Church University,1201–1500
University of Carthage,1201–1500
The Catholic University of Korea,1201–1500
Catholic University of the North,1201–1500
Chang Gung University of Science and Technology,1201–1500
"University of Chemistry and Technology, Prague",1201–1500
University of Chester,1201–1500
Chosun University,1201–1500
Chungbuk National University,1201–1500
Chungnam National University,1201–1500
Chung Yuan Christian University,1201–1500
Cochin University of Science and Technology,1201–1500
University of Colorado Colorado Springs,1201–1500
University of Concepción,1201–1500
Corvinus University of Budapest,1201–1500
Czech Technical University in Prague,1201–1500
Damghan University,1201–1500
De La Salle University,1201–1500
Del Rosario University,1201–1500
Democritus University of Thrace,1201–1500
Dokuz Eylül University,1201–1500
Ege University,1201–1500
Ehime University,1201–1500
El Bosque University,1201–1500
The University of Electro-Communications,1201–1500
Erciyes University,1201–1500
Escuela Superior Politécnica del Litoral,1201–1500
Universidade do Estado do Rio de Janeiro (UERJ),1201–1500
Universidade Federal do ABC (UFABC),1201–1500
Universidade Federal da Bahia,1201–1500
Federal University of Espírito Santo,1201–1500
Federal University of Goiás,1201–1500
Federal University of Lavras,1201–1500
Universidade Federal do Paraná (UFPR),1201–1500
Federal University of Rio Grande do Norte (UFRN),1201–1500
Federal University of Santa Maria,1201–1500
Federal University of São Carlos,1201–1500
Federal University of Uberlândia,1201–1500
Federal University of Viçosa,1201–1500
Federico Santa María Technical University,1201–1500
University of Fort Hare,1201–1500
University of La Frontera,1201–1500
Fujian Normal University,1201–1500
Université de Gabès,1201–1500
Universitas Gadjah Mada,1201–1500
Gazi University,1201–1500
University of Gdańsk,1201–1500
Gdańsk University of Technology,1201–1500
Gebze Technical University,1201–1500
Georgia Southern University,1201–1500
German University in Cairo,1201–1500
Gifu University,1201–1500
Government College University Lahore,1201–1500
Grand Valley State University,1201–1500
Gunma University,1201–1500
Gyeongsang National University,1201–1500
Hallym University,1201–1500
Harbin Engineering University,1201–1500
Hasanuddin University,1201–1500
The Hashemite University,1201–1500
Université Hassan II de Casablanca,1201–1500
Université Polytechnique Hauts-de-France,1201–1500
Helwan University,1201–1500
Hosei University,1201–1500
University of Hradec Králové,1201–1500
Hungarian University of Agriculture and Life Sciences,1201–1500
University of Ilorin,1201–1500
Incheon National University,1201–1500
Indian Institute of Science Education and Research Bhopal,1201–1500
International Hellenic University,1201–1500
IPB University,1201–1500
University of Isfahan,1201–1500
Istanbul Medipol University,1201–1500
Ivan Franko National University of Lviv,1201–1500
Jawaharlal Nehru Technological University Anantapur (JNTUA),1201–1500
Jeju National University,1201–1500
Jianghan University,1201–1500
Kagawa University,1201–1500
Kanazawa Medical University,1201–1500
Kangwon National University,1201–1500
Karabük University,1201–1500
Kaunas University of Technology,1201–1500
Kharazmi University,1201–1500
Khon Kaen University,1201–1500
Khulna University of Engineering and Technology (KUET),1201–1500
King Mongkut's University of Technology North Bangkok,1201–1500
Kitasato University,1201–1500
Kochi University of Technology,1201–1500
Universiti Kuala Lumpur,1201–1500
Kyushu Institute of Technology (Kyutech),1201–1500
Lahore College for Women University (LCWU),1201–1500
University of Lethbridge,1201–1500
L.N. Gumilyov Eurasian National University,1201–1500
Londrina State University,1201–1500
University of Lucknow,1201–1500
"Lumière University, Lyon 2",1201–1500
University of Malaga,1201–1500
Universiti Malaysia Kelantan,1201–1500
Universiti Malaysia Sarawak (UNIMAS),1201–1500
University of Maribor,1201–1500
Marmara University,1201–1500
Mendel University in Brno,1201–1500
Metropolitan Autonomous University,1201–1500
Mie University,1201–1500
Ming Chi University of Technology,1201–1500
Mohammed V University of Rabat,1201–1500
University of Monastir,1201–1500
Multimedia University,1201–1500
University of Mumbai,1201–1500
University of Mysore,1201–1500
Nagaoka University of Technology,1201–1500
Nagasaki University,1201–1500
Nagoya City University,1201–1500
National Chengchi University,1201–1500
National Chin-Yi University of Technology,1201–1500
National Chung Cheng University,1201–1500
National Chung Hsing University,1201–1500
National University of Distance Education (UNED),1201–1500
National Dong Hwa University,1201–1500
National University of San Martín,1201–1500
National Technical University Kharkiv Polytechnic Institute,1201–1500
National Technical University of Ukraine – Igor Sikorsky Kyiv Polytechnic Institute,1201–1500
Nicolaus Copernicus University in Toruń,1201–1500
University of Nigeria Nsukka,1201–1500
Slovak University of Agriculture in Nitra,1201–1500
University of North Carolina Wilmington,1201–1500
North China Electric Power University,1201–1500
"University of the North, Colombia",1201–1500
Obafemi Awolowo University,1201–1500
Oles Honchar Dnipro National University,1201–1500
Opole University of Technology,1201–1500
Oran 1 University,1201–1500
Osaka Metropolitan University,1201–1500
Osmania University,1201–1500
University of Ostrava,1201–1500
University of Pannonia,1201–1500
Paris Nanterre University,1201–1500
University of Pau and Pays de l’Adour,1201–1500
Universitas Pendidikan Indonesia,1201–1500
Persian Gulf University,1201–1500
Pontifical Catholic University of Peru,1201–1500
Pontifical Catholic University of Valparaíso,1201–1500
Pontifícia Universidade Católica do Paraná,1201–1500
Poznan University of Medical Sciences,1201–1500
Poznan University of Technology,1201–1500
University of Primorska,1201–1500
Prince of Songkla University,1201–1500
Qassim University,1201–1500
Riga Technical University,1201–1500
Ritsumeikan University,1201–1500
University of the Ryukyus,1201–1500
Saga University,1201–1500
Université Saint-Joseph de Beyrouth,1201–1500
Saitama Medical University,1201–1500
"University of Santiago, Chile (USACH)",1201–1500
Sapporo Medical University,1201–1500
SASTRA University,1201–1500
Sathyabama Institute of Science and Technology,1201–1500
Universitas Sebelas Maret,1201–1500
Selçuk University,1201–1500
Semnan University,1201–1500
University of Seoul,1201–1500
Seoul National University of Science and Technology (SeoulTech),1201–1500
University of Sfax,1201–1500
Shahed University,1201–1500
Shahid Bahonar University of Kerman,1201–1500
​Shahid Chamran University of Ahvaz,1201–1500
Shahid Rajaee Teacher Training University,1201–1500
University of Shanghai for Science and Technology,1201–1500
Shibaura Institute of Technology,1201–1500
Shiga University of Medical Science,1201–1500
Shinshu University,1201–1500
Showa University,1201–1500
Silesian University of Technology,1201–1500
Sofia University,1201–1500
Soonchunhyang University,1201–1500
Soongsil University,1201–1500
Université Sorbonne Nouvelle,1201–1500
University of Sousse,1201–1500
Southwest Jiaotong University,1201–1500
Sri Venkateswara University,1201–1500
SRM Institute of Science and Technology,1201–1500
Staffordshire University,1201–1500
State University of Malang,1201–1500
Suranaree University of Technology,1201–1500
University of Talca,1201–1500
Tamkang University,1201–1500
University of Tarapacá,1201–1500
Taras Shevchenko National University of Kyiv,1201–1500
Technical University of Košice,1201–1500
Technological University of Pereira,1201–1500
University of Technology of Compiègne,1201–1500
University of Technology of Troyes,1201–1500
Teikyo University,1201–1500
Universiti Teknikal Malaysia Melaka,1201–1500
Institut Teknologi Sepuluh Nopember,1201–1500
Texas State University,1201–1500
Tezpur University,1201–1500
Thammasat University,1201–1500
The John Paul II Catholic University of Lublin,1201–1500
TOBB University of Economics and Technology,1201–1500
Toho University,1201–1500
Tokai University,1201–1500
Tokat Gaziosmanpaşa University,1201–1500
Tokushima University,1201–1500
Tokyo University of Agriculture and Technology,1201–1500
Tokyo University of Marine Science and Technology,1201–1500
Tokyo University of Science,1201–1500
Tomas Bata University in Zlín,1201–1500
University of Toyama,1201–1500
Toyohashi University of Technology (TUT),1201–1500
Transilvania University of Brașov,1201–1500
Tshwane University of Technology,1201–1500
Tunghai University,1201–1500
University of Tunis El Manar,1201–1500
Tzu Chi University,1201–1500
UNIR – International University of La Rioja,1201–1500
Unisinos University,1201–1500
Université Chouaïb Doukkali,1201–1500
Universiti Malaysia Terengganu (UMT),1201–1500
Universiti Tun Hussein Onn Malaysia (UTHM),1201–1500
USAMV Cluj-Napoca,1201–1500
University of Valladolid,1201–1500
Veltech University,1201–1500
University of Venda,1201–1500
"Vignan’s Foundation for Science, Technology and Research",1201–1500
Vilnius Gediminas Technical University (Vilnius Tech),1201–1500
"Visvesvaraya National Institute of Technology, Nagpur",1201–1500
V.N. Karazin Kharkiv National University,1201–1500
Vytautas Magnus University,1201–1500
Warsaw University of Life Sciences – SGGW,1201–1500
Warsaw University of Technology,1201–1500
University of West Bohemia,1201–1500
University of Western Macedonia,1201–1500
Western Michigan University,1201–1500
Wrocław University of Environmental and Life Sciences,1201–1500
University of Wrocław,1201–1500
Wuhan Textile University,1201–1500
Xiangtan University,1201–1500
Xuzhou Medical University,1201–1500
Yamagata University,1201–1500
University of Yamanashi,1201–1500
Yazd University,1201–1500
Yokohama National University,1201–1500
Yuan Ze University,1201–1500
Yuriy Fedkovych Chernivtsi National University,1201–1500
University of Zagreb,1201–1500
University of Zanjan,1201–1500
Zanjan University of Medical Sciences,1201–1500
University of Abou Bekr Belkaïd Tlemcen,1501+
Akita University,1501+
Aksaray University,1501+
Alexandru Ioan Cuza University,1501+
Alzahra University,1501+
"University of the Andes, Venezuela",1501+
Annamalai University,1501+
Aoyama Gakuin University,1501+
Universidad Autónoma Chapingo,1501+
Universidad Autónoma de Ciudad Juárez,1501+
Universidad Autónoma de Coahuila,1501+
Universidad Autónoma del Estado de Hidalgo,1501+
Universidad Autónoma del Estado de Mexico (UAEMex),1501+
Universidad Autónoma del Estado de Morelos,1501+
Universidad Autónoma de Nuevo León (UANL),1501+
Universidad Autónoma de Querétaro,1501+
Universidad Autónoma de Yucatán,1501+
Autonomous University of Baja California,1501+
Badji Mokhtar University – Annaba,1501+
University of Baghdad,1501+
Baku State University,1501+
Başkent University,1501+
University of Basrah,1501+
University of Béjaïa,1501+
Benemérita Universidad Autónoma de Puebla,1501+
Bialystok University of Technology,1501+
University of Bío-Bío,1501+
University of Biskra,1501+
Blida 1 University,1501+
Bolu Abant Izzet Baysal University,1501+
University of Brawijaya,1501+
Burapha University,1501+
Bursa Uludağ University,1501+
Catholic University of Brasília,1501+
University of Caxias do Sul,1501+
Ceará State University,1501+
Manisa Celal Bayar University,1501+
Chaoyang University of Technology,1501+
Chiba Institute of Technology,1501+
Chinese Culture University,1501+
Chubu University,1501+
Chuo University,1501+
University of Colima,1501+
Comillas Pontifical University,1501+
Communication University of China,1501+
Cracow University of Technology,1501+
University of Craiova,1501+
Cukurova University,1501+
University of Dar es Salaam,1501+
Dicle University,1501+
Diponegoro University,1501+
Dokkyo Medical University,1501+
Doshisha University,1501+
Dumlupinar University,1501+
Dunarea de Jos University of Galati,1501+
EAFIT University,1501+
Erzincan Binali Yıldırım University,1501+
Escuela Politécnica Nacional,1501+
Eskişehir Osmangazi University,1501+
Universidade do Estado de Santa Catarina,1501+
Universidade Estadual do Norte Fluminense Darcy Ribeiro,1501+
Universidade Estadual de Maringá,1501+
Universidade Estadual do Oeste do Paraná (Unioeste),1501+
"Federal University of Agriculture, Abeokuta",1501+
Universidade Federal do Ceará (UFC),1501+
Universidade Federal de Ciências da Saúde de Porto Alegre (UFCSPA),1501+
Universidade Federal do Triângulo Mineiro,1501+
Universidade Federal do Vale do São Francisco,1501+
Federal University of Itajubá,1501+
Universidade Federal de Juiz de Fora,1501+
Universidade Federal do Maranhão (UFMA),1501+
Federal University of Mato Grosso do Sul,1501+
Universidade Federal de Ouro Preto (UFOP),1501+
Federal University of Pará,1501+
Federal University of Paraí­ba (UFPB),1501+
Federal University of Pelotas,1501+
Federal University of Pernambuco,1501+
Federal University of Piauí,1501+
Federal Rural University of Pernambuco,1501+
Universidade Federal Rural do Semi-Arido,1501+
Federal University of the State of Rio de Janeiro (UNIRIO),1501+
Federal University of Vales do Jequitinhonha e Mucuri,1501+
Feng Chia University,1501+
Fluminense Federal University,1501+
Université Frères Mentouri Constantine 1,1501+
Universidad de las Fuerzas Armadas – ESPE,1501+
University of Fukui,1501+
Fukuoka University,1501+
Gaziantep University,1501+
"George Emil Palade University of Medicine, Pharmacy, Science, and Technology of Targu Mures",1501+
Gheorghe Asachi Technical University of Iaşi,1501+
GITAM University,1501+
Grigore T. Popa University of Medicine and Pharmacy,1501+
University of Guadalajara,1501+
University of Guanajuato,1501+
Hanoi University of Science and Technology,1501+
Université Hassan 1er,1501+
University of Havana,1501+
Hellenic Open University,1501+
Hue University,1501+
University of Hyogo,1501+
Ibaraki University,1501+
Universidad Industrial de Santander (UIS),1501+
Inönü University,1501+
Instituto Politécnico Nacional (IPN),1501+
I-Shou University,1501+
Islamic University of Indonesia,1501+
Ivane Javakhishvili Tbilisi State University,1501+
Iwate University,1501+
Izmir Institute of Technology,1501+
Jan Evangelista Purkyně University,1501+
Jean Moulin University – Lyon 3,1501+
Kagoshima University,1501+
Kanagawa University,1501+
Kansai University,1501+
University of Karachi,1501+
Karadeniz Technical University,1501+
Kasetsart University,1501+
King Mongkut’s Institute of Technology Ladkrabang,1501+
Kirikkale University,1501+
Kocaeli University,1501+
Kochi University,1501+
Kogakuin University,1501+
Kookmin University,1501+
University of Kufa,1501+
Kwansei Gakuin University,1501+
Kyoto Sangyo University,1501+
Kyoto Institute of Technology,1501+
Ladoke Akintola University of Technology,1501+
Latvia University of Life Sciences and Technologies,1501+
University of Łódź,1501+
Lodz University of Technology,1501+
Lucian Blaga University of Sibiu,1501+
University of Macerata (UNIMC),1501+
Mackenzie Presbyterian University,1501+
Mahasarakham University,1501+
Mapúa University,1501+
Maria Curie-Skłodowska University (UMCS),1501+
Matej Bel University,1501+
Medical University of Silesia in Katowice,1501+
Meiji University,1501+
Meijo University,1501+
M’Hamed Bougara University of Boumerdès,1501+
Universidad Michoacana de San Nicolás de Hidalgo,1501+
Ming Chuan University,1501+
University of Miskolc,1501+
University of Miyazaki,1501+
University Mohamed Boudiaf of M’Sila,1501+
University of Montenegro,1501+
University of Mosul,1501+
Université Mouloud Mammeri de Tizi-Ouzou,1501+
Muroran Institute of Technology,1501+
Mustansiriyah University,1501+
Universidad Nacional del Litoral,1501+
Universidad Nacional Mayor de San Marcos,1501+
Nagoya Institute of Technology,1501+
Naresuan University,1501+
National Changhua University of Education,1501+
National Chiayi University,1501+
National Chi Nan University,1501+
National University of Córdoba,1501+
National Formosa University,1501+
National Ilan University,1501+
National University of Kaohsiung,1501+
National Kaohsiung University of Science and Technology,1501+
National Taipei University,1501+
National United University,1501+
Nnamdi Azikiwe University,1501+
Universidade Nove de Julho (Uninove),1501+
University of Novi Sad,1501+
Nueva Granada Military University,1501+
Ochanomizu University,1501+
Oita University,1501+
Ondokuz Mayis University,1501+
University of Oradea,1501+
Osaka Institute of Technology,1501+
Osaka Medical and Pharmaceutical University,1501+
Ovidius University of Constanța,1501+
Universitas Padjadjaran,1501+
Universidad Panamericana (UP),1501+
University of Pardubice,1501+
University of Passo Fundo (UPF),1501+
Payame Noor University,1501+
Pedagogical and Technological University of Colombia,1501+
University of Pernambuco,1501+
Universidad Politécnica Salesiana,1501+
Polytechnic University of Bucharest,1501+
Polytechnic University of Timişoara,1501+
Pontifical Catholic University of Minas Gerais,1501+
Universidad Pontificia Bolivariana (UPB),1501+
Pontificia Universidad Católica del Ecuador,1501+
Prague University of Economics and Business,1501+
PSG College of Technology,1501+
Recep Tayyip Erdoğan University,1501+
University of Rijeka,1501+
R V College of Engineering,1501+
Ryukoku University,1501+
Rzeszów University of Technology,1501+
University of La Sabana,1501+
Saitama University,1501+
San Sebastián University,1501+
Satbayev University,1501+
University of Science and Technology of Oran Mohamed-Boudiaf,1501+
SGH Warsaw School of Economics,1501+
Shimane University,1501+
Shizuoka University,1501+
University of Shizuoka,1501+
Sichuan University of Science and Engineering,1501+
University of Silesia in Katowice,1501+
Silpakorn University,1501+
University of Sistan and Baluchestan,1501+
Sivas Cumhuriyet University,1501+
Slovak University of Technology in Bratislava,1501+
University of Sonora,1501+
Sophia University,1501+
Srinakharinwirot University,1501+
State University of Ponta Grossa,1501+
State University of Santa Cruz,1501+
Süleyman Demirel University,1501+
Universitas Sumatera Utara,1501+
Tamil Nadu Agricultural University,1501+
Technical University of Cluj-Napoca,1501+
Technical University of Liberec,1501+
Technical University of Loja,1501+
Technical University of Sofia,1501+
Universidade Tecnológica Federal do Paraná (UTFPR),1501+
Universiti Teknologi MARA,1501+
Telkom University,1501+
Temuco Catholic University,1501+
Tokyo University of Agriculture,1501+
Tokyo City University,1501+
Tokyo Denki University,1501+
Tokyo University of Pharmacy and Life Sciences,1501+
Tottori University,1501+
Toyo University,1501+
University of Tunis,1501+
Universitas Andalas,1501+
Universiti Malaysia Sabah (UMS),1501+
Uşak University,1501+
Utsunomiya University,1501+
University of Valparaíso,1501+
Van Yüzüncü Yil University,1501+
Vietnam National University (Ho Chi Minh City),1501+
VSB - Technical University of Ostrava,1501+
Walailak University,1501+
University of Warmia and Mazury in Olsztyn,1501+
University of West Attica,1501+
West University of Timişoara,1501+
Wrocław University of Science and Technology,1501+
Yamaguchi University,1501+
Yanshan University,1501+
Yeditepe University,1501+
Zonguldak Bülent Ecevit University,1501+
University Abdelhamid Ibn Badis Mostaganem,Reporter
Abdullah Gül University,Reporter
Abertay University,Reporter
"Adamawa State University, Mubi",Reporter
AECC University College,Reporter
Afe Babalola University,Reporter
Aga Khan University,Reporter
Ahl Al Bayt University,Reporter
Aichi Prefectural University,Reporter
Air University,Reporter
Ajeenkya DY Patil University,Reporter
AKFA University,Reporter
Ajman University,Reporter
Akita Prefectural University,Reporter
Akwa Ibom State University,Reporter
Al-Ayen University,Reporter
Alex Ekwueme Federal University Ndufu-Alike,Reporter
Al Ahliyya Amman University,Reporter
Al-Farabi University College,Reporter
Al-Farahidi University,Reporter
Al-Esraa University College,Reporter
University of Al-Hamdaniya,Reporter
Alisher Navo’i Tashkent State University of Uzbek Language and Literature,Reporter
Al-Kitab University,Reporter
Al-Maarif University College,Reporter
Al-Manara College for Medical Sciences,Reporter
Al-Mustaqbal University,Reporter
Al-Muthanna University,Reporter
Al-Nahrain University,Reporter
Al-Noor University College,Reporter
Al-Quds University,Reporter
Altınbaş University,Reporter
American International University – Bangladesh,Reporter
American University of Madaba,Reporter
American University of Nigeria,Reporter
American University of Ras Al Khaimah,Reporter
"Amity University, Gurugram",Reporter
"Amity University, Gwalior",Reporter
"Amity University Rajasthan, Jaipur",Reporter
"Amity University, Mumbai",Reporter
Andijan State Medical Institute,Reporter
Andrés Bello Catholic University (UCAB),Reporter
Anglo-American University,Reporter
Ankara Science University,Reporter
Arab American University,Reporter
Arab Open University – Kuwait,Reporter
Arab Open University Lebanon,Reporter
Arts University Bournemouth,Reporter
Antonio Nariño University,Reporter
University of the Arts London,Reporter
Arts University Plymouth,Reporter
Asahi University,Reporter
Ashikaga University,Reporter
Ashur University College,Reporter
Audencia,Reporter
Augustine University,Reporter
Azerbaijan University of Architecture and Construction,Reporter
Azerbaijan State University of Economics,Reporter
Babcock University,Reporter
Badr University in Cairo (BUC),Reporter
Bakrie University,Reporter
"Balochistan University of Engineering and Technology, Khuzdar",Reporter
"Bamidele Olumilua University of Education, Science and Technology, Ikere-Ikiti",Reporter
Bandirma Onyedi Eylül University,Reporter
Bangabandhu Sheikh Mujibur Rahman Agricultural University,Reporter
Barawa International University,Reporter
Bartin University,Reporter
Basrah University College of Science and Technology,Reporter
Bath Spa University,Reporter
University of Batna 1,Reporter
Baze University,Reporter
Bells University of Technology,Reporter
University of Benghazi,Reporter
Benson Idahosa University,Reporter
Bernardo O’Higgins University,Reporter
Beykent University,Reporter
Bilecik Şeyh Edebali University,Reporter
Biruni University,Reporter
Birzeit University,Reporter
University of Bisha,Reporter
Bishop Grosseteste University,Reporter
University of Bogotá Jorge Tadeo Lozano,Reporter
University of Bolton,Reporter
Botswana International University of Science and Technology (BIUST),Reporter
Bowen University,Reporter
Buckinghamshire New University,Reporter
Buriram Rajabhat University,Reporter
Canadian International College (CIC) – Cairo,Reporter
Catholic University in Erbil,Reporter
Universidad Católica de Colombia,Reporter
B. S. Abdur Rahman Crescent Institute of Science and Technology,Reporter
Universidad Católica de Cuenca,Reporter
Universidad Católica San Pablo,Reporter
Cebu Technological University,Reporter
CECOS University of IT and Emerging Sciences,Reporter
University of Celaya,Reporter
Central European University,Reporter
University of Central Punjab,Reporter
Centro Universitário de Jaguariúna,Reporter
Centro Universitário Max Planck,Reporter
CES University,Reporter
César Ritz Colleges Switzerland,Reporter
CETYS Universidad,Reporter
Chernihiv National University of Technology,Reporter
University of Chichester,Reporter
Chitkara University,Reporter
Christ University Bengaluru India,Reporter
Coal City University,Reporter
Conservatoire for Dance and Drama,Reporter
University of Constantine 3,Reporter
Courtauld Institute of Art,Reporter
Cranfield University,Reporter
Cihan University – Erbil,Reporter
University for the Creative Arts,Reporter
"City University of Science and Information Technology, Peshawar",Reporter
Cross River University of Technology,Reporter
University of Cumbria,Reporter
C.V. Raman Global University,Reporter
Cyprus Health and Social Sciences University,Reporter
Daffodil International University (DIU),Reporter
Debre Tabor University,Reporter
Universidad del Sinú,Reporter
Delta University for Science and Technology,Reporter
Deraya University,Reporter
University for Development Studies,Reporter
Dhaka International University,Reporter
Dhofar University,Reporter
Dhonburi Rajabhat University,Reporter
Dijlah University,Reporter
University of Diyala,Reporter
Denau Institute of Entrepreneurship and Pedagogy,Reporter
Doğuş University,Reporter
Donetsk National University of Economics and Trade named after Mykhailo Tuhan-Baranovsky (DonNUET),Reporter
Dr. M.G.R. Educational and Research Institute,Reporter
University of Dubai,Reporter
DHA Suffa University,Reporter
University of Duhok,Reporter
EAN University,Reporter
Ebonyi State University,Reporter
University of El Oued,Reporter
École Nationale Polytechnique,Reporter
École Polytechnique d’Architecture et d’Urbanisme,Reporter
Academy of Economic Studies of Moldova,Reporter
Edo State University Uzairue,Reporter
"University of Education, Lahore",Reporter
Effat University,Reporter
Egerton University,Reporter
Egyptian Russian University,Reporter
Egypt-Japan University of Science and Technology (E-JUST),Reporter
"University of Engineering and Technology, Mardan",Reporter
ESIC,Reporter
Universidade Estadual de Goiás,Reporter
European University Cyprus,Reporter
European University of Valencia,Reporter
"Evangel University, Akaeze",Reporter
Externado University of Colombia,Reporter
Falmouth University,Reporter
Federal University Gashua,Reporter
Federal University of Kashere,Reporter
Federal University of Lafia,Reporter
Federal University of Latin American Integration (UNILA),Reporter
"Federal University of Petroleum Resources, Effurun",Reporter
"Federal University of Technology, Minna",Reporter
"Federal University of Technology, Owerri",Reporter
First Technical University,Reporter
Fountain University,Reporter
University of Franca,Reporter
Fukui Prefectural University,Reporter
Fundação Oswaldo Cruz,Reporter
Fundación Universitaria del Área Andina,Reporter
Future University in Egypt,Reporter
General Sir John Kotelawala Defence University,Reporter
Ghulam Ishaq Khan Institute of Engineering Sciences and Technology,Reporter
GLA University,Reporter
Fergana Polytechnic Institute,Reporter
Glasgow School of Art,Reporter
University of Gloucestershire,Reporter
Government College Women University Faisalabad,Reporter
"Government College Women University, Sialkot",Reporter
"The Graduate University for Advanced Studies, SOKENDAI",Reporter
Greenwich University,Reporter
Gregory University Uturu,Reporter
Guildhall School of Music and Drama,Reporter
Gulf College,Reporter
Harper Adams University,Reporter
Hartpury University,Reporter
Hassiba Benbouali University of Chlef,Reporter
Hawler Medical University,Reporter
University of Health and Allied Sciences,Reporter
"University of Health Sciences, Turkey",Reporter
University of the Highlands and Islands,Reporter
Hindustan Institute of Technology and Science,Reporter
Hiroshima Shudo University,Reporter
Hiroshima Institute of Technology,Reporter
Hitotsubashi University,Reporter
Huachiew Chalermprakiet University,Reporter
University of Human Development,Reporter
Hyogo University of Teacher Education,Reporter
IFHE Hyderabad,Reporter
Ignatius Ajuru University of Education,Reporter
Ilma University,Reporter
IMT Mines Alès,Reporter
Indira Gandhi Delhi Technical University for Women,Reporter
Institute of Cancer Research,Reporter
International Christian University,Reporter
International University of Rabat,Reporter
Ionian University,Reporter
Ion Mincu University of Architecture and Urbanism,Reporter
Islamia College Peshawar,Reporter
The Islamic University,Reporter
Islamic University of Gaza,Reporter
Islamic University of Madinah,Reporter
Isra University,Reporter
Israel Technological University,Reporter
Istanbul Aydın University,Reporter
Istanbul Gelişim University,Reporter
IUBAT – International University of Business Agriculture and Technology,Reporter
Universita IULM,Reporter
Jabir ibn Hayyan Medical University,Reporter
Japan Advanced Institute of Science and Technology (JAIST),Reporter
Jashore University of Science and Technology,Reporter
Jerash Private University,Reporter
University of Jijel,Reporter
University of Jos,Reporter
Kamianets-Podіlskyi Ivan Ohiienko National University,Reporter
Kampala International University,Reporter
Karaganda University of Kazpotrebsoyuz,Reporter
Karshi State University,Reporter
Kastamonu University,Reporter
Kazakh National Pedagogical University Abai,Reporter
University of Kelaniya,Reporter
University of Kerbala,Reporter
Kermanshah University of Technology,Reporter
Kharkiv University of Humanities “People’s Ukrainian Academy”,Reporter
Kadir Has University,Reporter
Khazar University,Reporter
Khomein University of Medical Sciences,Reporter
Khulna University,Reporter
Khwaja Fareed University of Engineering and Information Technology,Reporter
Khyber Medical University,Reporter
Kings University,Reporter
University of Kirkuk,Reporter
Kitami Institute of Technology,Reporter
Kobe City University of Foreign Studies,Reporter
Kobe Gakuin University,Reporter
Kocaeli Health and Technology University,Reporter
Kokshetau State University,Reporter
Konan Women’s University,Reporter
Konya Technical University,Reporter
KTO Karatay University,Reporter
Kyiv National Economic University,Reporter
Kyoai Gakuen University,Reporter
Kyrgyz-Turkish Manas University,Reporter
University of Laghouat,Reporter
Lagos State University,Reporter
Knowledge University,Reporter
University of Lampung,Reporter
Landmark University,Reporter
La Salle University,Reporter
University of Las Américas (UDLA),Reporter
Leeds Arts University,Reporter
Leeds Conservatoire,Reporter
Leeds Trinity University,Reporter
Koya University,Reporter
Lesya Ukrainka Volyn National University,Reporter
University of Liberal Arts Bangladesh,Reporter
Liverpool Hope University,Reporter
Liverpool Institute for Performing Arts,Reporter
Liverpool School of Tropical Medicine,Reporter
The LNM Institute of Information Technology,Reporter
Loei Rajabhat University,Reporter
London Business School,Reporter
London School of Hygiene and Tropical Medicine,Reporter
London Metropolitan University,Reporter
University of Los Lagos,Reporter
Universidad Loyola,Reporter
Malawi University of Science and Technology (MUST),Reporter
Management Development Institute (MDI),Reporter
Marian College Kuttikkanam (Autonomous),Reporter
Maritime University of Szczecin,Reporter
University of Mascara,Reporter
Universidad Mayor,Reporter
University of Medellín,Reporter
Meikai University,Reporter
Michael and Cecilia Ibru University,Reporter
"Michael Okpara University of Agriculture, Umudike",Reporter
Middle Technical University,Reporter
Mindanao State University – Iligan Institute of Technology,Reporter
MIOTI Tech and Business School,Reporter
Mirpur University of Science and Technology,Reporter
University of Misan,Reporter
Misr University for Science and Technology,Reporter
Mahatma Jyotiba Phule Rohilkhand University,Reporter
M. Kumarasamy College of Engineering,Reporter
"MNS University of Agriculture, Multan",Reporter
Modern University for Business and Science,Reporter
Université Mohamed El Bachir El Ibrahimi de Bordj Bou Arréridj,Reporter
Universidad Monteávila,Reporter
University of Monterrey,Reporter
October University for Modern Sciences and Arts (MSA),Reporter
Muban Chombueng Rajabhat University,Reporter
Mukogawa Women’s University,Reporter
Mulungushi University,Reporter
Mutah University,Reporter
Universidad Nacional de Chimborazo,Reporter
Universidad Nacional de Itapúa,Reporter
Nagoya University of Commerce & Business,Reporter
Najran University,Reporter
Nakhchivan State University,Reporter
Namangan Engineering Construction Institute,Reporter
Namangan Institute of Engineering and Technology,Reporter
Namangan State University,Reporter
Nara Institute of Science and Technology,Reporter
Nara Women’s University,Reporter
National Aviation University,Reporter
National University of Computer and Emerging Sciences,Reporter
National Film and Television School,Reporter
National University of Medical Sciences (NUMS),Reporter
National University of Mongolia,Reporter
National University Odessa Law Academy,Reporter
The National University of Ostroh Academy,Reporter
National Polytechnic University of Armenia,Reporter
National University of Quilmes,Reporter
"National University of Science and Technology, Oman",Reporter
"National University, Sudan",Reporter
National Taichung University of Science and Technology,Reporter
National Transport University,Reporter
National University of Water and Environmental Engineering,Reporter
National University “Yuri Kondratyuk Poltava Polytechnic”,Reporter
Navoi State Pedagogical Institute,Reporter
Universitas Negeri Surabaya,Reporter
Newman University,Reporter
Niger Delta University,Reporter
"Nigerian Police Academy, Wudil",Reporter
Nihon Pharmaceutical University,Reporter
Niigata University of Health and Welfare,Reporter
University of Niigata Prefecture,Reporter
Nile University,Reporter
Ninevah University,Reporter
Nitte (Deemed to be University),Reporter
University of Northampton,Reporter
Northeast Ohio Medical University,Reporter
Northern Technical University,Reporter
Norwich University of the Arts,Reporter
University of Nova Gorica,Reporter
Novena University,Reporter
Nursing School of Coimbra,Reporter
October 6 University,Reporter
Oguz Han Engineering and Technology University of Turkmenistan,Reporter
Olusegun Agagu University of Science and Technology,Reporter
ORT Uruguay University,Reporter
Ostrogradsky National University of Kremenchuk,Reporter
Palestine Polytechnic University,Reporter
Palestine Technical University – Kadoorie,Reporter
Panteion University of Social and Political Sciences,Reporter
Paris University of International Education,Reporter
Pavlo Tychyna Uman State Pedagogical University,Reporter
University of Petra,Reporter
Pharos University,Reporter
University of Phayao,Reporter
Philadelphia University (Jordan),Reporter
Plymouth Marjon University,Reporter
Polytechnic University of Tirana,Reporter
Poltava V.G. Korolenko National Pedagogical University (PNPU),Reporter
Polytechnic Institute of Setúbal,Reporter
Universidad Popular Autónoma del Estado de Puebla,Reporter
Prefectural University of Hiroshima,Reporter
Prince Sultan University (PSU),Reporter
"University of Professional Studies, Accra",Reporter
University of Puthisastra,Reporter
Queen Margaret University,Reporter
Rajamangala University of Technology Isan,Reporter
Ravensbourne,Reporter
Rawalpindi Medical University,Reporter
Rennes School of Business,Reporter
REVA University,Reporter
Rose Bruford College,Reporter
Royal Agricultural University,Reporter
"Royal Central School of Speech and Drama, University of London",Reporter
Royal College of Art,Reporter
Royal Conservatoire of Scotland,Reporter
Royal Academy of Music,Reporter
Royal College of Music,Reporter
Royal Northern College of Music,Reporter
University of Sadat City,Reporter
University of Saint Joseph,Reporter
Sakon Nakhon Rajabhat University,Reporter
Salahaddin University,Reporter
Salem University,Reporter
Samarkand State University,Reporter
Samarkand State Institute of Foreign Languages,Reporter
Samuel Adegboyega University,Reporter
Universidad San Ignacio de Loyola,Reporter
University of San Martín de Porres,Reporter
University of Santo Tomas,Reporter
Satya Wacana Christian University,Reporter
Saudi Electronic University,Reporter
SBS Swiss Business School,Reporter
University of Science and Technology of Southern Philippines (USTP),Reporter
Sefako Makgatho Health Sciences University,Reporter
Senshu University,Reporter
Shaheed Benazir Bhutto Women University Peshawar,Reporter
Shaheed Zulfiqar Ali Bhutto Medical University,Reporter
The University of Shiga Prefecture,Reporter
Shonan Institute of Technology,Reporter
Samarkand State Medical University,Reporter
Shri Mata Vaishno Devi University,Reporter
Sikkim Manipal University,Reporter
Silesian University in Opava,Reporter
Simón Bolívar University,Reporter
Simón Bolívar University (Colombia),Reporter
Sir Syed University of Engineering and Technology,Reporter
Sokoto State University,Reporter
"Solent University, Southampton",Reporter
University of Sopron,Reporter
Soran University,Reporter
University of South Santa Catarina (Unisul),Reporter
SR University,Reporter
Sri Balaji Vidyapeeth,Reporter
University of Sri Jayewardenepura,Reporter
Sri Lanka Institute of Information Technology,Reporter
Sri Padmavati Mahila Visvavidyalayam (Women's University),Reporter
State University of Bahia,Reporter
State Energy Institute of Turkmenistan,Reporter
"St Mary’s University College, Belfast",Reporter
"St Mary’s University, Twickenham",Reporter
Stranmillis University College,Reporter
Suez University,Reporter
University of Suffolk,Reporter
Sugiyama Jogakuen University,Reporter
Sulaimani Polytechnic University,Reporter
Suratthani Rajabhat University,Reporter
Széchenyi István University,Reporter
Tafila Technical University,Reporter
University of Taipei,Reporter
Tama Art University,Reporter
Tarlac Agricultural University,Reporter
Tarsus University,Reporter
Tashkent Institute of Finance,Reporter
Tashkent University of Information Technologies,Reporter
Tashkent Institute of Irrigation and Agricultural Mechanisation,Reporter
Tashkent Medical Academy,Reporter
Tashkent Pediatric Medical Institute,Reporter
Tashkent Pharmaceutical Institute,Reporter
Tashkent State Agrarian University,Reporter
Tashkent State Dental Institute,Reporter
Tashkent State University of Law,Reporter
Université Sultan Moulay Slimane,Reporter
Tashkent State University of Oriental Studies,Reporter
Tashkent State Technical University,Reporter
Tashkent State Transport University,Reporter
Tashkent Institute of Textile and Light Industry,Reporter
Tatung University,Reporter
Tecmilenio University,Reporter
Tecnológico de Costa Rica,Reporter
Instituto Tecnológico Metropolitano,Reporter
Institut Teknologi Nasional Bandung (ITENAS Bandung),Reporter
University of Telafer,Reporter
Tenri University,Reporter
Termez State University,Reporter
Termez Institute of Engineering and Technology,Reporter
Tikrit University,Reporter
Tokyo University of Foreign Studies,Reporter
Tashkent State University of Economics,Reporter
Toyama Prefectural University,Reporter
Trinity Laban Conservatoire of Music and Dance,Reporter
Turin Polytechnic University in Tashkent,Reporter
Ubon Ratchathani University,Reporter
UBT,Reporter
UIN Sulthan Thaha Saifuddin Jambi,Reporter
Umaru Musa Yar’adua University,Reporter
Unichristus,Reporter
United International University,Reporter
Universidad del Pacífico Ecuador,Reporter
University College of Osteopathy,Reporter
Institute of Telecommunications and Informatics of Turkmenistan,Reporter
UNNOBA,Reporter
Urgench State University,Reporter
Üsküdar University,Reporter
"Usmanu Danfodiyo University, Sokoto",Reporter
Universidad UTE,Reporter
University of Uyo,Reporter
National University of Uzbekistan named after Mirzo Ulugbek,Reporter
Valahia University of Targoviste,Reporter
University of Vale do Itajaí,Reporter
Varendra University,Reporter
Varna University of Management,Reporter
"Veritas University, Abuja",Reporter
University of Veterinary Medicine and Pharmacy in Košice,Reporter
Vila Velha University,Reporter
Virtual University of Tunis,Reporter
Visayas State University,Reporter
University of Wales Trinity Saint David,Reporter
​Wellspring University,Reporter
Western Caspian University,Reporter
University of West London,Reporter
West Ukrainian National University,Reporter
West Virginia University,Reporter
WHU: Beisheim,Reporter
University of Worcester,Reporter
Uzhhorod National University,Reporter
The World Islamic Sciences and Education University (WISE),Reporter
Wrexham Glyndwr University,Reporter
Writtle University College,Reporter
WSB Academy,Reporter
Yagshigeldi Kakayev International University of Oil and Gas,Reporter
Yamaguchi Prefectural University,Reporter
Yogyakarta State University,Reporter
York St John University,Reporter
"Yusuf Maitama Sule University, Kano",Reporter
Zhytomyr Polytechnic State University,Reporter
Ziauddin University,Reporter
Zarqa University,Reporter
